{
  "ticker": "AAPL",
  "generated_at": "2026-03-18T21:50:49.090461+00:00",
  "opinion": "Hold/Monitor",
  "score": 61.76,
  "risk_profile": "moderate",
  "thresholds": {
    "buy": 65,
    "hold": 45
  },
  "news": {
    "summary": {
      "1d": {
        "count": 0,
        "avg_sentiment": 0.0,
        "weighted_sentiment": 0.0,
        "positive_pct": 0.0,
        "negative_pct": 0.0
      },
      "7d": {
        "count": 0,
        "avg_sentiment": 0.0,
        "weighted_sentiment": 0.0,
        "positive_pct": 0.0,
        "negative_pct": 0.0
      },
      "30d": {
        "count": 0,
        "avg_sentiment": 0.0,
        "weighted_sentiment": 0.0,
        "positive_pct": 0.0,
        "negative_pct": 0.0
      }
    },
    "articles": []
  },
  "technicals": {
    "last_close": 249.94000244140625,
    "sma_20": 261.39849853515625,
    "sma_50": 261.64479858398437,
    "sma_200": NaN,
    "ema_12": 256.79862488408526,
    "ema_26": 260.3247307014221,
    "rsi_14": 20.53777339790605,
    "macd": -3.526105817336827,
    "macd_signal": -2.1729124090426546,
    "macd_hist": -1.3531934082941723,
    "atr_14": 5.689998081752232,
    "atr_pct": 0.022765455814085404,
    "volume": 34652568.0,
    "volume_avg_20": 38924178.4,
    "volume_ratio": 0.8902581743382412,
    "support_20": 249.0,
    "resistance_20": 276.1099853515625,
    "return_20d": -0.05451107747077799,
    "return_60d": -0.081744369008519,
    "trend_regime": "neutral",
    "trend_strength": NaN,
    "bearish_divergence": 